#_,Name,Short Name,"Price,1h,24h,Market Cap, Volume",Blockchain,Added
1,Bingo Doge,BDOGE,"$0.0000002677 19.71% 19.71% $267,666 $102,732",BNB,23 minutes ago
1,OtherLife,OTL,$0.0008087 0.00% 0.00%,--,"$392,297",BNB,30 minutes ago
1,Zamzam,ZAMZAM,"$0.0008521 0.00% 0.00% $85,208,479 $3,787,725",BNB,26 minutes ago
2,AVARA,AVR,"$0.001287 0.30% 0.30% $643,698 $581,812",BNB,30 minutes ago
1,UFO,UFO,"$0.04067 0.00% 0.00% $406,654 $497,846",BNB,24 minutes ago
1,Bigwinner,BIG,$0.05608 4.18% 4.18%,--,"$1,431,553",BNB,25 minutes ago
1,Buried Bones,BBT,$2.05 0.00% 0.00%,--,"$203,991",BNB,20 minutes ago
2,CryptoClans,COC,"$0.2375 0.00% 0.00% $237,491,904 $77,050",BNB,21 minutes ago
2,FishingTownGilToken,GIL,$0.02266 0.00% 0.00%,--,"$142,174",BNB,26 minutes ago
3,Limbo Token,LNFS,"$1.41 0.00% 0.00% $7,036,501 $24,840",BNB,27 minutes ago
4,TouchFuture,TF,"$0.000003615 0.00% 0.00% $3,614,606 $344,841",BNB,29 minutes ago
5,Moebius,MOBI,$0.1296 6.45% 6.45%,--,"$369,876",BNB,36 minutes ago
1,Waterfall Finance BSC,WATERFALL,$0 0.00% 0.00% -,--,BNB,21 minutes ago
1,SHIBA TRON,SHIBT,"$0.001064 11.41% 11.41% $10,635,513 $72,730",BNB,32 minutes ago
